Rafal1,Kowalski1,19-02-1940
Rafal2,Kowalski2,10-03-1995
Rafal3,Kowalski3,13-05-2009
Rafal4,Kowalski4,04-08-1993
Rafal5,Kowalski5,08-06-1999
Rafal6,Kowalski6,21-02-1924
Rafal7,Kowalski7,15-11-1948
Rafal8,Kowalski8,15-07-1968
Rafal9,Kowalski9,19-09-1998
Rafal10,Kowalski10,14-03-1987
Rafal11,Kowalski11,14-11-1928
Rafal12,Kowalski12,22-08-1983
Rafal13,Kowalski13,26-09-1938
Rafal14,Kowalski14,04-02-1939
Rafal15,Kowalski15,22-02-1973
Rafal16,Kowalski16,24-05-1959
Rafal17,Kowalski17,13-10-1974
Rafal18,Kowalski18,28-01-2007
Rafal19,Kowalski19,18-02-1928
Rafal20,Kowalski20,25-10-1929
Rafal21,Kowalski21,15-09-2005
Rafal22,Kowalski22,23-03-1942
Rafal23,Kowalski23,05-05-1958
Rafal24,Kowalski24,26-05-1914
Rafal25,Kowalski25,16-12-1952
Rafal26,Kowalski26,07-03-1962
Rafal27,Kowalski27,12-04-2000
Rafal28,Kowalski28,12-02-1929
Rafal29,Kowalski29,14-11-1970
Rafal30,Kowalski30,22-06-1916
Rafal31,Kowalski31,24-04-1987
Rafal32,Kowalski32,01-05-1970
Rafal33,Kowalski33,06-11-1910
Rafal34,Kowalski34,16-05-1989
Rafal35,Kowalski35,24-08-1956
Rafal36,Kowalski36,11-06-2002
Rafal37,Kowalski37,14-07-1925
Rafal38,Kowalski38,04-07-1943
Rafal39,Kowalski39,24-09-1984
Rafal40,Kowalski40,10-10-1910
Rafal41,Kowalski41,25-10-1966
Rafal42,Kowalski42,28-01-1910
Rafal43,Kowalski43,10-10-1970
Rafal44,Kowalski44,14-11-1993
Rafal45,Kowalski45,27-06-1949
Rafal46,Kowalski46,14-09-1921
Rafal47,Kowalski47,23-11-1920
Rafal48,Kowalski48,26-01-1914
Rafal49,Kowalski49,20-01-1943
Rafal50,Kowalski50,01-05-1940
Rafal51,Kowalski51,01-06-1977
Rafal52,Kowalski52,16-01-1923
Rafal53,Kowalski53,08-04-1948
Rafal54,Kowalski54,15-12-1927
Rafal55,Kowalski55,09-06-1987
Rafal56,Kowalski56,18-12-2000
Rafal57,Kowalski57,15-05-1951
Rafal58,Kowalski58,03-07-1958
Rafal59,Kowalski59,06-06-1927
Rafal60,Kowalski60,04-03-1917
Rafal61,Kowalski61,25-09-1995
Rafal62,Kowalski62,20-06-1910
Rafal63,Kowalski63,08-12-1959
Rafal64,Kowalski64,09-04-2002
Rafal65,Kowalski65,13-05-1988
Rafal66,Kowalski66,11-11-1962
Rafal67,Kowalski67,15-03-1924
Rafal68,Kowalski68,11-09-1928
Rafal69,Kowalski69,25-03-1990
Rafal70,Kowalski70,25-04-2004
Rafal71,Kowalski71,22-10-1992
Rafal72,Kowalski72,28-06-1942
Rafal73,Kowalski73,24-07-1916
Rafal74,Kowalski74,18-12-1993
Rafal75,Kowalski75,20-10-1988
Rafal76,Kowalski76,24-06-1934
Rafal77,Kowalski77,22-02-1993
Rafal78,Kowalski78,25-05-1972
Rafal79,Kowalski79,17-12-1996
Rafal80,Kowalski80,03-03-1958
Rafal81,Kowalski81,04-09-1975
Rafal82,Kowalski82,07-03-1977
Rafal83,Kowalski83,17-08-1918
Rafal84,Kowalski84,13-01-1998
Rafal85,Kowalski85,15-02-2007
Rafal86,Kowalski86,25-01-1951
Rafal87,Kowalski87,12-11-1989
Rafal88,Kowalski88,25-05-1985
Rafal89,Kowalski89,13-07-1916
Rafal90,Kowalski90,18-10-1918
Rafal91,Kowalski91,18-11-1955
Rafal92,Kowalski92,14-06-1990
Rafal93,Kowalski93,25-09-1926
Rafal94,Kowalski94,12-02-1934
Rafal95,Kowalski95,21-06-1924
Rafal96,Kowalski96,05-10-1938
Rafal97,Kowalski97,07-03-1992
Rafal98,Kowalski98,15-01-1958
Rafal99,Kowalski99,05-09-1967
Rafal100,Kowalski100,27-12-1932
Rafal101,Kowalski101,15-09-1972
Rafal102,Kowalski102,27-06-1912
Rafal103,Kowalski103,23-12-1940
Rafal104,Kowalski104,25-02-1927
Rafal105,Kowalski105,18-03-1920
Rafal106,Kowalski106,25-07-1977
Rafal107,Kowalski107,19-08-2002
Rafal108,Kowalski108,07-05-1910
Rafal109,Kowalski109,01-04-1960
Rafal110,Kowalski110,19-03-1981
Rafal111,Kowalski111,23-09-1991
Rafal112,Kowalski112,07-06-1991
Rafal113,Kowalski113,08-04-1915
Rafal114,Kowalski114,12-03-1990
Rafal115,Kowalski115,04-03-1984
Rafal116,Kowalski116,28-07-1948
Rafal117,Kowalski117,05-05-2002
Rafal118,Kowalski118,03-09-1963
Rafal119,Kowalski119,26-01-1931
Rafal120,Kowalski120,04-09-1940
Rafal121,Kowalski121,02-03-1950
Rafal122,Kowalski122,06-09-1989
Rafal123,Kowalski123,10-03-1952
Rafal124,Kowalski124,27-01-1960
Rafal125,Kowalski125,06-04-1925
Rafal126,Kowalski126,10-04-1914
Rafal127,Kowalski127,25-10-1986
Rafal128,Kowalski128,16-06-1958
Rafal129,Kowalski129,23-04-1991
Rafal130,Kowalski130,16-08-1913
Rafal131,Kowalski131,01-06-1962
Rafal132,Kowalski132,13-01-1922
Rafal133,Kowalski133,15-06-1949
Rafal134,Kowalski134,28-04-2009
Rafal135,Kowalski135,10-01-1923
Rafal136,Kowalski136,17-08-1977
Rafal137,Kowalski137,07-03-1930
Rafal138,Kowalski138,04-11-1953
Rafal139,Kowalski139,03-07-1997
Rafal140,Kowalski140,17-05-1917
Rafal141,Kowalski141,28-02-1970
Rafal142,Kowalski142,08-10-1923
Rafal143,Kowalski143,24-02-2001
Rafal144,Kowalski144,27-06-1941
Rafal145,Kowalski145,03-08-1997
Rafal146,Kowalski146,11-08-1926
Rafal147,Kowalski147,07-04-1968
Rafal148,Kowalski148,03-10-1952
Rafal149,Kowalski149,23-07-1936
Rafal150,Kowalski150,03-09-1964
Rafal151,Kowalski151,23-08-1965
Rafal152,Kowalski152,07-05-1931
Rafal153,Kowalski153,05-09-1918
Rafal154,Kowalski154,06-08-1973
Rafal155,Kowalski155,16-07-1996
Rafal156,Kowalski156,23-09-1951
Rafal157,Kowalski157,01-09-1911
Rafal158,Kowalski158,18-11-2008
Rafal159,Kowalski159,07-08-1917
Rafal160,Kowalski160,18-12-1991
Rafal161,Kowalski161,23-04-1971
Rafal162,Kowalski162,24-03-1966
Rafal163,Kowalski163,12-10-1995
Rafal164,Kowalski164,05-12-1975
Rafal165,Kowalski165,12-06-1968
Rafal166,Kowalski166,22-10-1955
Rafal167,Kowalski167,03-01-1990
Rafal168,Kowalski168,26-01-1998
Rafal169,Kowalski169,20-10-1947
Rafal170,Kowalski170,13-06-1934
Rafal171,Kowalski171,05-07-1918
Rafal172,Kowalski172,17-04-1921
Rafal173,Kowalski173,05-05-1945
Rafal174,Kowalski174,02-04-2005
Rafal175,Kowalski175,06-10-1967
Rafal176,Kowalski176,06-09-1968
Rafal177,Kowalski177,02-10-1911
Rafal178,Kowalski178,06-08-1932
Rafal179,Kowalski179,22-05-1925
Rafal180,Kowalski180,16-08-1997
Rafal181,Kowalski181,13-05-1975
Rafal182,Kowalski182,25-03-2009
Rafal183,Kowalski183,06-05-1977
Rafal184,Kowalski184,25-04-1975
Rafal185,Kowalski185,14-10-1935
Rafal186,Kowalski186,22-07-1915
Rafal187,Kowalski187,16-10-1975
Rafal188,Kowalski188,09-02-1974
Rafal189,Kowalski189,17-11-1960
Rafal190,Kowalski190,01-12-1966
Rafal191,Kowalski191,18-09-1919
Rafal192,Kowalski192,18-02-1929
Rafal193,Kowalski193,19-06-1933
Rafal194,Kowalski194,03-02-2007
Rafal195,Kowalski195,06-05-1967
Rafal196,Kowalski196,28-08-1979
Rafal197,Kowalski197,04-09-1941
Rafal198,Kowalski198,22-05-1958
Rafal199,Kowalski199,23-03-2007
Rafal200,Kowalski200,09-02-1963
Rafal201,Kowalski201,07-10-1925
Rafal202,Kowalski202,12-04-1950
Rafal203,Kowalski203,26-02-1982
Rafal204,Kowalski204,19-03-1959
Rafal205,Kowalski205,27-05-1913
Rafal206,Kowalski206,10-11-1942
Rafal207,Kowalski207,04-02-1944
Rafal208,Kowalski208,09-10-1985
Rafal209,Kowalski209,17-08-1919
Rafal210,Kowalski210,22-04-2007
Rafal211,Kowalski211,17-08-1988
Rafal212,Kowalski212,27-06-1936
Rafal213,Kowalski213,12-03-1960
Rafal214,Kowalski214,08-08-1941
Rafal215,Kowalski215,05-08-1964
Rafal216,Kowalski216,20-06-1922
Rafal217,Kowalski217,14-08-1978
Rafal218,Kowalski218,28-01-1914
Rafal219,Kowalski219,14-04-1917
Rafal220,Kowalski220,26-10-1944
Rafal221,Kowalski221,04-02-1911
Rafal222,Kowalski222,11-06-1919
Rafal223,Kowalski223,08-02-1999
Rafal224,Kowalski224,01-02-1973
Rafal225,Kowalski225,25-05-2008
Rafal226,Kowalski226,21-07-1937
Rafal227,Kowalski227,22-07-1929
Rafal228,Kowalski228,02-03-1999
Rafal229,Kowalski229,23-03-1972
Rafal230,Kowalski230,27-01-1914
Rafal231,Kowalski231,04-11-1948
Rafal232,Kowalski232,16-07-2009
Rafal233,Kowalski233,27-07-1998
Rafal234,Kowalski234,07-03-1974
Rafal235,Kowalski235,09-08-1914
Rafal236,Kowalski236,11-11-1958
Rafal237,Kowalski237,28-10-1942
Rafal238,Kowalski238,04-05-1962
Rafal239,Kowalski239,21-12-1992
Rafal240,Kowalski240,04-06-1916
Rafal241,Kowalski241,15-07-1983
Rafal242,Kowalski242,09-01-1980
Rafal243,Kowalski243,19-03-1915
Rafal244,Kowalski244,14-06-1972
Rafal245,Kowalski245,09-01-1940
Rafal246,Kowalski246,01-11-1953
Rafal247,Kowalski247,19-12-1929
Rafal248,Kowalski248,13-01-1974
Rafal249,Kowalski249,17-08-1920
Rafal250,Kowalski250,26-03-1954
Rafal251,Kowalski251,11-10-1942
Rafal252,Kowalski252,25-05-1917
Rafal253,Kowalski253,04-11-1918
Rafal254,Kowalski254,03-09-1998
Rafal255,Kowalski255,21-01-1971
Rafal256,Kowalski256,19-12-1991
Rafal257,Kowalski257,26-09-2001
Rafal258,Kowalski258,24-08-1971
Rafal259,Kowalski259,05-05-1940
Rafal260,Kowalski260,05-05-1973
Rafal261,Kowalski261,07-06-1998
Rafal262,Kowalski262,02-09-1979
Rafal263,Kowalski263,19-08-2004
Rafal264,Kowalski264,14-12-1954
Rafal265,Kowalski265,18-05-1923
Rafal266,Kowalski266,10-02-1968
Rafal267,Kowalski267,11-03-1921
Rafal268,Kowalski268,09-12-1992
Rafal269,Kowalski269,08-05-1983
Rafal270,Kowalski270,12-01-1927
Rafal271,Kowalski271,04-10-1991
Rafal272,Kowalski272,14-04-1973
Rafal273,Kowalski273,05-10-1920
Rafal274,Kowalski274,16-08-1922
Rafal275,Kowalski275,05-10-1959
Rafal276,Kowalski276,07-03-1959
Rafal277,Kowalski277,19-04-1935
Rafal278,Kowalski278,27-06-1962
Rafal279,Kowalski279,28-02-2007
Rafal280,Kowalski280,22-12-2007
Rafal281,Kowalski281,16-06-2003
Rafal282,Kowalski282,09-04-1968
Rafal283,Kowalski283,16-10-1934
Rafal284,Kowalski284,25-06-1951
Rafal285,Kowalski285,22-03-2007
Rafal286,Kowalski286,01-11-1962
Rafal287,Kowalski287,07-11-1997
Rafal288,Kowalski288,15-08-2010
Rafal289,Kowalski289,04-01-1964
Rafal290,Kowalski290,08-03-1939
Rafal291,Kowalski291,10-12-1947
Rafal292,Kowalski292,24-01-1931
Rafal293,Kowalski293,09-07-1964
Rafal294,Kowalski294,25-08-1960
Rafal295,Kowalski295,20-05-1915
Rafal296,Kowalski296,11-01-1948
Rafal297,Kowalski297,16-02-1967
Rafal298,Kowalski298,21-12-1957
Rafal299,Kowalski299,19-12-1968
Rafal300,Kowalski300,20-09-1949
Rafal301,Kowalski301,23-11-1958
Rafal302,Kowalski302,15-10-1989
Rafal303,Kowalski303,26-03-1992
Rafal304,Kowalski304,27-05-1956
Rafal305,Kowalski305,07-05-1989
Rafal306,Kowalski306,22-01-1968
Rafal307,Kowalski307,02-10-1966
Rafal308,Kowalski308,18-08-1936
Rafal309,Kowalski309,10-11-1917
Rafal310,Kowalski310,13-11-1922
Rafal311,Kowalski311,02-05-1911
Rafal312,Kowalski312,15-09-1936
Rafal313,Kowalski313,09-02-1911
Rafal314,Kowalski314,09-09-1921
Rafal315,Kowalski315,07-11-1947
Rafal316,Kowalski316,09-02-1993
Rafal317,Kowalski317,18-02-1969
Rafal318,Kowalski318,10-06-1971
Rafal319,Kowalski319,12-05-1928
Rafal320,Kowalski320,13-12-1936
Rafal321,Kowalski321,27-03-1986
Rafal322,Kowalski322,26-03-1943
Rafal323,Kowalski323,27-01-1999
Rafal324,Kowalski324,05-05-1935
Rafal325,Kowalski325,20-11-1923
Rafal326,Kowalski326,24-07-1940
Rafal327,Kowalski327,12-07-1938
Rafal328,Kowalski328,02-06-1945
Rafal329,Kowalski329,06-01-1995
Rafal330,Kowalski330,05-11-1926
Rafal331,Kowalski331,26-09-2004
Rafal332,Kowalski332,23-03-1939
Rafal333,Kowalski333,14-12-1961
Rafal334,Kowalski334,28-09-1962
Rafal335,Kowalski335,25-10-1974
Rafal336,Kowalski336,19-03-1983
Rafal337,Kowalski337,08-09-1990
Rafal338,Kowalski338,12-05-1972
Rafal339,Kowalski339,25-01-1993
Rafal340,Kowalski340,07-08-1981
Rafal341,Kowalski341,20-04-1921
Rafal342,Kowalski342,08-09-1956
Rafal343,Kowalski343,15-06-1911
Rafal344,Kowalski344,07-09-2000
Rafal345,Kowalski345,15-03-1999
Rafal346,Kowalski346,15-06-1926
Rafal347,Kowalski347,05-04-1932
Rafal348,Kowalski348,13-06-1991
Rafal349,Kowalski349,18-01-1980
Rafal350,Kowalski350,01-08-1971
Rafal351,Kowalski351,01-02-1999
Rafal352,Kowalski352,08-06-1990
Rafal353,Kowalski353,14-11-1914
Rafal354,Kowalski354,12-04-1911
Rafal355,Kowalski355,05-09-1971
Rafal356,Kowalski356,11-12-1951
Rafal357,Kowalski357,01-07-1953
Rafal358,Kowalski358,01-03-1920
Rafal359,Kowalski359,06-07-1928
Rafal360,Kowalski360,22-10-1994
Rafal361,Kowalski361,13-05-2002
Rafal362,Kowalski362,04-01-1945
Rafal363,Kowalski363,27-10-1993
Rafal364,Kowalski364,07-06-1910
Rafal365,Kowalski365,02-10-1983
Rafal366,Kowalski366,04-02-1926
Rafal367,Kowalski367,28-09-1944
Rafal368,Kowalski368,18-03-1943
Rafal369,Kowalski369,09-11-2002
Rafal370,Kowalski370,20-01-1988
Rafal371,Kowalski371,18-07-1952
Rafal372,Kowalski372,20-11-1995
Rafal373,Kowalski373,13-09-1982
Rafal374,Kowalski374,13-09-1910
Rafal375,Kowalski375,13-10-1928
Rafal376,Kowalski376,02-01-1966
Rafal377,Kowalski377,08-04-1917
Rafal378,Kowalski378,05-10-1972
Rafal379,Kowalski379,24-01-1988
Rafal380,Kowalski380,25-06-1932
Rafal381,Kowalski381,08-05-1937
Rafal382,Kowalski382,13-05-2006
Rafal383,Kowalski383,02-03-1916
Rafal384,Kowalski384,01-02-1971
Rafal385,Kowalski385,05-03-1998
Rafal386,Kowalski386,22-08-2001
Rafal387,Kowalski387,21-03-1933
Rafal388,Kowalski388,08-01-1937
Rafal389,Kowalski389,01-10-2007
Rafal390,Kowalski390,03-05-1990
Rafal391,Kowalski391,16-08-1952
Rafal392,Kowalski392,27-05-1964
Rafal393,Kowalski393,14-05-1963
Rafal394,Kowalski394,10-05-1915
Rafal395,Kowalski395,01-01-1986
Rafal396,Kowalski396,18-11-2003
Rafal397,Kowalski397,19-06-1969
Rafal398,Kowalski398,18-04-1952
Rafal399,Kowalski399,18-02-1951
Rafal400,Kowalski400,04-01-1971
Rafal401,Kowalski401,20-10-1936
Rafal402,Kowalski402,16-12-1975
Rafal403,Kowalski403,06-11-1988
Rafal404,Kowalski404,27-01-2000
Rafal405,Kowalski405,07-02-1990
Rafal406,Kowalski406,19-04-1939
Rafal407,Kowalski407,26-01-1957
Rafal408,Kowalski408,15-11-1967
Rafal409,Kowalski409,27-09-1983
Rafal410,Kowalski410,23-04-1988
Rafal411,Kowalski411,23-03-1935
Rafal412,Kowalski412,16-04-2005
Rafal413,Kowalski413,03-02-1926
Rafal414,Kowalski414,26-11-1959
Rafal415,Kowalski415,05-06-2006
Rafal416,Kowalski416,18-09-1951
Rafal417,Kowalski417,21-10-1956
Rafal418,Kowalski418,20-08-2003
Rafal419,Kowalski419,12-05-1926
Rafal420,Kowalski420,11-06-1968
Rafal421,Kowalski421,05-02-1984
Rafal422,Kowalski422,21-08-1920
Rafal423,Kowalski423,19-12-1923
Rafal424,Kowalski424,11-06-1993
Rafal425,Kowalski425,27-06-2007
Rafal426,Kowalski426,10-10-1942
Rafal427,Kowalski427,03-03-2005
Rafal428,Kowalski428,19-03-1921
Rafal429,Kowalski429,04-08-1994
Rafal430,Kowalski430,19-10-1950
Rafal431,Kowalski431,03-09-1929
Rafal432,Kowalski432,14-08-1952
Rafal433,Kowalski433,06-12-1919
Rafal434,Kowalski434,28-09-1923
Rafal435,Kowalski435,21-04-1966
Rafal436,Kowalski436,20-09-1981
Rafal437,Kowalski437,06-10-1977
Rafal438,Kowalski438,18-02-1913
Rafal439,Kowalski439,09-04-1920
Rafal440,Kowalski440,27-05-1961
Rafal441,Kowalski441,13-11-1963
Rafal442,Kowalski442,28-03-1930
Rafal443,Kowalski443,05-01-1924
Rafal444,Kowalski444,17-03-1982
Rafal445,Kowalski445,08-09-1913
Rafal446,Kowalski446,03-07-1916
Rafal447,Kowalski447,04-04-1955
Rafal448,Kowalski448,19-12-1988
Rafal449,Kowalski449,16-12-1973
Rafal450,Kowalski450,24-09-1997
Rafal451,Kowalski451,20-06-1970
Rafal452,Kowalski452,15-03-1974
Rafal453,Kowalski453,09-08-1928
Rafal454,Kowalski454,12-11-1988
Rafal455,Kowalski455,26-02-1966
Rafal456,Kowalski456,14-12-1952
Rafal457,Kowalski457,04-11-1918
Rafal458,Kowalski458,11-04-1932
Rafal459,Kowalski459,17-05-1957
Rafal460,Kowalski460,01-01-1939
Rafal461,Kowalski461,28-03-1968
Rafal462,Kowalski462,23-06-1952
Rafal463,Kowalski463,06-12-1967
Rafal464,Kowalski464,23-10-1952
Rafal465,Kowalski465,10-07-2000
Rafal466,Kowalski466,10-09-1912
Rafal467,Kowalski467,12-08-1996
Rafal468,Kowalski468,07-04-1932
Rafal469,Kowalski469,26-11-1930
Rafal470,Kowalski470,26-05-1949
Rafal471,Kowalski471,08-10-1938
Rafal472,Kowalski472,26-07-1910
Rafal473,Kowalski473,17-12-1988
Rafal474,Kowalski474,08-08-1990
Rafal475,Kowalski475,11-02-1958
Rafal476,Kowalski476,19-09-1939
Rafal477,Kowalski477,21-05-1962
Rafal478,Kowalski478,01-06-1953
Rafal479,Kowalski479,25-06-1998
Rafal480,Kowalski480,16-06-1964
Rafal481,Kowalski481,02-04-1917
Rafal482,Kowalski482,08-04-2005
Rafal483,Kowalski483,14-01-2002
Rafal484,Kowalski484,25-03-2009
Rafal485,Kowalski485,20-03-1951
Rafal486,Kowalski486,01-01-1914
Rafal487,Kowalski487,25-01-1995
Rafal488,Kowalski488,06-09-1949
Rafal489,Kowalski489,14-02-1960
Rafal490,Kowalski490,19-11-1919
Rafal491,Kowalski491,10-01-1977
Rafal492,Kowalski492,28-08-1917
Rafal493,Kowalski493,17-01-1966
Rafal494,Kowalski494,21-08-2008
Rafal495,Kowalski495,12-08-1996
Rafal496,Kowalski496,13-11-1965
Rafal497,Kowalski497,05-01-1975
Rafal498,Kowalski498,07-02-1987
Rafal499,Kowalski499,13-12-1978
Rafal500,Kowalski500,09-09-1943
Rafal501,Kowalski501,15-03-1919
Rafal502,Kowalski502,24-04-1967
Rafal503,Kowalski503,18-03-1928
Rafal504,Kowalski504,01-01-1997
Rafal505,Kowalski505,22-02-1993
Rafal506,Kowalski506,15-07-1928
Rafal507,Kowalski507,13-09-1943
Rafal508,Kowalski508,16-03-1986
Rafal509,Kowalski509,08-10-1968
Rafal510,Kowalski510,22-06-1949
Rafal511,Kowalski511,11-09-1919
Rafal512,Kowalski512,17-01-1955
Rafal513,Kowalski513,14-06-1984
Rafal514,Kowalski514,14-02-1994
Rafal515,Kowalski515,12-01-1927
Rafal516,Kowalski516,24-12-1948
Rafal517,Kowalski517,13-01-1974
Rafal518,Kowalski518,04-05-1940
Rafal519,Kowalski519,13-06-1936
Rafal520,Kowalski520,18-12-1947
Rafal521,Kowalski521,18-01-1926
Rafal522,Kowalski522,19-02-2010
Rafal523,Kowalski523,22-12-1990
Rafal524,Kowalski524,03-01-1954
Rafal525,Kowalski525,10-11-1977
Rafal526,Kowalski526,19-02-1910
Rafal527,Kowalski527,26-08-1910
Rafal528,Kowalski528,10-12-1992
Rafal529,Kowalski529,23-01-1955
Rafal530,Kowalski530,11-07-1960
Rafal531,Kowalski531,11-10-1972
Rafal532,Kowalski532,10-06-2001
Rafal533,Kowalski533,03-09-1962
Rafal534,Kowalski534,23-05-1976
Rafal535,Kowalski535,21-08-1929
Rafal536,Kowalski536,28-03-1950
Rafal537,Kowalski537,25-09-1974
Rafal538,Kowalski538,14-05-1940
Rafal539,Kowalski539,04-09-1970
Rafal540,Kowalski540,28-08-1931
Rafal541,Kowalski541,01-02-1933
Rafal542,Kowalski542,10-12-1927
Rafal543,Kowalski543,07-10-1987
Rafal544,Kowalski544,27-12-1916
Rafal545,Kowalski545,23-11-1966
Rafal546,Kowalski546,13-12-1985
Rafal547,Kowalski547,01-03-1910
Rafal548,Kowalski548,15-11-2000
Rafal549,Kowalski549,24-06-2006
Rafal550,Kowalski550,12-01-1918
Rafal551,Kowalski551,10-06-1954
Rafal552,Kowalski552,08-11-2009
Rafal553,Kowalski553,03-06-1917
Rafal554,Kowalski554,23-05-1956
Rafal555,Kowalski555,11-08-2001
Rafal556,Kowalski556,26-10-1966
Rafal557,Kowalski557,08-01-1985
Rafal558,Kowalski558,16-07-1951
Rafal559,Kowalski559,05-03-1913
Rafal560,Kowalski560,17-01-1947
Rafal561,Kowalski561,27-07-1940
Rafal562,Kowalski562,20-05-1947
Rafal563,Kowalski563,17-07-1997
Rafal564,Kowalski564,01-08-1923
Rafal565,Kowalski565,10-06-2009
Rafal566,Kowalski566,23-08-1979
Rafal567,Kowalski567,27-02-1950
Rafal568,Kowalski568,20-05-1910
Rafal569,Kowalski569,18-05-1984
Rafal570,Kowalski570,15-10-1936
Rafal571,Kowalski571,14-04-1910
Rafal572,Kowalski572,15-10-1970
Rafal573,Kowalski573,05-12-1953
Rafal574,Kowalski574,15-11-1914
Rafal575,Kowalski575,27-07-2002
Rafal576,Kowalski576,02-10-2001
Rafal577,Kowalski577,03-05-1948
Rafal578,Kowalski578,25-11-2000
Rafal579,Kowalski579,19-01-1977
Rafal580,Kowalski580,11-12-1956
Rafal581,Kowalski581,04-11-1938
Rafal582,Kowalski582,02-03-1934
Rafal583,Kowalski583,18-05-1918
Rafal584,Kowalski584,12-11-1971
Rafal585,Kowalski585,26-11-1937
Rafal586,Kowalski586,11-03-1957
Rafal587,Kowalski587,09-09-2009
Rafal588,Kowalski588,11-04-1979
Rafal589,Kowalski589,25-10-1974
Rafal590,Kowalski590,28-06-1994
Rafal591,Kowalski591,19-05-1977
Rafal592,Kowalski592,18-08-1983
Rafal593,Kowalski593,25-04-1927
Rafal594,Kowalski594,04-02-1916
Rafal595,Kowalski595,28-02-1943
Rafal596,Kowalski596,28-01-1915
Rafal597,Kowalski597,11-07-1946
Rafal598,Kowalski598,04-06-2003
Rafal599,Kowalski599,16-07-1941
Rafal600,Kowalski600,26-06-1910
Rafal601,Kowalski601,19-09-1938
Rafal602,Kowalski602,16-07-1956
Rafal603,Kowalski603,23-04-1952
Rafal604,Kowalski604,28-02-1994
Rafal605,Kowalski605,24-09-1930
Rafal606,Kowalski606,11-09-1934
Rafal607,Kowalski607,05-07-1982
Rafal608,Kowalski608,01-09-1999
Rafal609,Kowalski609,24-06-1923
Rafal610,Kowalski610,25-12-1923
Rafal611,Kowalski611,02-06-1948
Rafal612,Kowalski612,28-12-1953
Rafal613,Kowalski613,19-01-1966
Rafal614,Kowalski614,25-08-1949
Rafal615,Kowalski615,18-05-1990
Rafal616,Kowalski616,20-06-1939
Rafal617,Kowalski617,28-10-1923
Rafal618,Kowalski618,17-09-1975
Rafal619,Kowalski619,11-12-1946
Rafal620,Kowalski620,02-08-1959
Rafal621,Kowalski621,10-03-1952
Rafal622,Kowalski622,24-02-1973
Rafal623,Kowalski623,22-04-1940
Rafal624,Kowalski624,08-02-1941
Rafal625,Kowalski625,09-03-1942
Rafal626,Kowalski626,26-03-1971
Rafal627,Kowalski627,28-10-1929
Rafal628,Kowalski628,22-06-1947
Rafal629,Kowalski629,02-02-1940
Rafal630,Kowalski630,08-02-1962
Rafal631,Kowalski631,17-11-1998
Rafal632,Kowalski632,01-11-1984
Rafal633,Kowalski633,16-05-1955
Rafal634,Kowalski634,16-09-2001
Rafal635,Kowalski635,16-10-1939
Rafal636,Kowalski636,27-12-1928
Rafal637,Kowalski637,14-05-1918
Rafal638,Kowalski638,23-01-1917
Rafal639,Kowalski639,11-11-1965
Rafal640,Kowalski640,21-11-1999
Rafal641,Kowalski641,25-12-1939
Rafal642,Kowalski642,21-01-2000
Rafal643,Kowalski643,21-09-2002
Rafal644,Kowalski644,02-07-1972
Rafal645,Kowalski645,03-11-1936
Rafal646,Kowalski646,08-08-1971
Rafal647,Kowalski647,07-05-1925
Rafal648,Kowalski648,05-10-1911
Rafal649,Kowalski649,26-07-1993
Rafal650,Kowalski650,05-09-1989
Rafal651,Kowalski651,11-03-1943
Rafal652,Kowalski652,01-03-1958
Rafal653,Kowalski653,19-03-1911
Rafal654,Kowalski654,25-03-1926
Rafal655,Kowalski655,04-02-1924
Rafal656,Kowalski656,05-08-1934
Rafal657,Kowalski657,04-05-1998
Rafal658,Kowalski658,27-07-1948
Rafal659,Kowalski659,26-04-1962
Rafal660,Kowalski660,01-01-1962
Rafal661,Kowalski661,05-03-1989
Rafal662,Kowalski662,10-02-1933
Rafal663,Kowalski663,08-04-1980
Rafal664,Kowalski664,26-07-2003
Rafal665,Kowalski665,15-10-1922
Rafal666,Kowalski666,24-05-1995
Rafal667,Kowalski667,22-03-1958
Rafal668,Kowalski668,16-07-1996
Rafal669,Kowalski669,04-05-1988
Rafal670,Kowalski670,05-04-1944
Rafal671,Kowalski671,18-11-1942
Rafal672,Kowalski672,16-09-1986
Rafal673,Kowalski673,08-04-1966
Rafal674,Kowalski674,04-07-1946
Rafal675,Kowalski675,04-10-1951
Rafal676,Kowalski676,03-09-1950
Rafal677,Kowalski677,24-09-1923
Rafal678,Kowalski678,17-09-1952
Rafal679,Kowalski679,05-02-1925
Rafal680,Kowalski680,06-09-1920
Rafal681,Kowalski681,04-05-1920
Rafal682,Kowalski682,22-09-1968
Rafal683,Kowalski683,06-12-1918
Rafal684,Kowalski684,14-06-1992
Rafal685,Kowalski685,10-01-1998
Rafal686,Kowalski686,19-03-1940
Rafal687,Kowalski687,27-08-1975
Rafal688,Kowalski688,15-04-1944
Rafal689,Kowalski689,16-04-1972
Rafal690,Kowalski690,20-11-1954
Rafal691,Kowalski691,11-03-1938
Rafal692,Kowalski692,02-05-2005
Rafal693,Kowalski693,08-03-1912
Rafal694,Kowalski694,13-07-1971
Rafal695,Kowalski695,16-04-1962
Rafal696,Kowalski696,09-02-1930
Rafal697,Kowalski697,22-07-1977
Rafal698,Kowalski698,01-11-1973
Rafal699,Kowalski699,16-03-1938
Rafal700,Kowalski700,15-06-2004
Rafal701,Kowalski701,07-03-1915
Rafal702,Kowalski702,14-06-2001
Rafal703,Kowalski703,24-07-2009
Rafal704,Kowalski704,04-08-1949
Rafal705,Kowalski705,15-07-1993
Rafal706,Kowalski706,07-01-1994
Rafal707,Kowalski707,12-10-1958
Rafal708,Kowalski708,19-11-1931
Rafal709,Kowalski709,26-10-1917
Rafal710,Kowalski710,27-05-2004
Rafal711,Kowalski711,21-02-1984
Rafal712,Kowalski712,02-12-2010
Rafal713,Kowalski713,04-11-1938
Rafal714,Kowalski714,05-01-1965
Rafal715,Kowalski715,26-06-1991
Rafal716,Kowalski716,06-02-1934
Rafal717,Kowalski717,07-10-1922
Rafal718,Kowalski718,22-07-1926
Rafal719,Kowalski719,24-09-1932
Rafal720,Kowalski720,06-06-1954
Rafal721,Kowalski721,17-12-1916
Rafal722,Kowalski722,24-06-1914
Rafal723,Kowalski723,02-11-1966
Rafal724,Kowalski724,15-03-1982
Rafal725,Kowalski725,10-11-1957
Rafal726,Kowalski726,16-08-1931
Rafal727,Kowalski727,22-05-2008
Rafal728,Kowalski728,11-11-1911
Rafal729,Kowalski729,20-08-1924
Rafal730,Kowalski730,24-05-1990
Rafal731,Kowalski731,28-12-1974
Rafal732,Kowalski732,13-12-1952
Rafal733,Kowalski733,14-03-2002
Rafal734,Kowalski734,21-03-1977
Rafal735,Kowalski735,21-11-1944
Rafal736,Kowalski736,11-03-1925
Rafal737,Kowalski737,04-01-1943
Rafal738,Kowalski738,18-07-1957
Rafal739,Kowalski739,08-11-1959
Rafal740,Kowalski740,13-07-1927
Rafal741,Kowalski741,28-04-1956
Rafal742,Kowalski742,24-06-1943
Rafal743,Kowalski743,18-10-1983
Rafal744,Kowalski744,11-04-1924
Rafal745,Kowalski745,01-04-1960
Rafal746,Kowalski746,03-11-1943
Rafal747,Kowalski747,11-12-1919
Rafal748,Kowalski748,24-11-1948
Rafal749,Kowalski749,15-03-1986
Rafal750,Kowalski750,07-05-1926
Rafal751,Kowalski751,21-09-1920
Rafal752,Kowalski752,17-04-1998
Rafal753,Kowalski753,11-12-1988
Rafal754,Kowalski754,25-04-1955
Rafal755,Kowalski755,18-10-2004
Rafal756,Kowalski756,11-02-1936
Rafal757,Kowalski757,07-09-1935
Rafal758,Kowalski758,09-04-1936
Rafal759,Kowalski759,23-01-1967
Rafal760,Kowalski760,09-03-1977
Rafal761,Kowalski761,23-05-1976
Rafal762,Kowalski762,20-08-1952
Rafal763,Kowalski763,03-03-1982
Rafal764,Kowalski764,13-04-1977
Rafal765,Kowalski765,05-02-1911
Rafal766,Kowalski766,13-09-1971
Rafal767,Kowalski767,01-01-1921
Rafal768,Kowalski768,26-04-1965
Rafal769,Kowalski769,06-12-1920
Rafal770,Kowalski770,25-07-1926
Rafal771,Kowalski771,03-12-1930
Rafal772,Kowalski772,09-08-1915
Rafal773,Kowalski773,15-01-1967
Rafal774,Kowalski774,12-12-1966
Rafal775,Kowalski775,06-07-1997
Rafal776,Kowalski776,06-02-1940
Rafal777,Kowalski777,09-08-1932
Rafal778,Kowalski778,24-09-1920
Rafal779,Kowalski779,17-09-1972
Rafal780,Kowalski780,16-06-1930
Rafal781,Kowalski781,05-10-1932
Rafal782,Kowalski782,06-04-1935
Rafal783,Kowalski783,04-01-1966
Rafal784,Kowalski784,09-10-1936
Rafal785,Kowalski785,11-08-2006
Rafal786,Kowalski786,07-02-2008
Rafal787,Kowalski787,08-02-1939
Rafal788,Kowalski788,06-10-1959
Rafal789,Kowalski789,22-05-1982
Rafal790,Kowalski790,12-02-1952
Rafal791,Kowalski791,09-07-2003
Rafal792,Kowalski792,13-11-1979
Rafal793,Kowalski793,13-11-2008
Rafal794,Kowalski794,01-09-1985
Rafal795,Kowalski795,08-08-1974
Rafal796,Kowalski796,21-07-2005
Rafal797,Kowalski797,17-11-1937
Rafal798,Kowalski798,10-12-1935
Rafal799,Kowalski799,19-07-1933
Rafal800,Kowalski800,17-02-1918
Rafal801,Kowalski801,20-06-1980
Rafal802,Kowalski802,18-11-1979
Rafal803,Kowalski803,08-05-1969
Rafal804,Kowalski804,18-01-1957
Rafal805,Kowalski805,14-12-1939
Rafal806,Kowalski806,22-03-1936
Rafal807,Kowalski807,22-07-1935
Rafal808,Kowalski808,01-12-2002
Rafal809,Kowalski809,02-05-2009
Rafal810,Kowalski810,24-08-1947
Rafal811,Kowalski811,04-02-2007
Rafal812,Kowalski812,27-12-1989
Rafal813,Kowalski813,13-03-1928
Rafal814,Kowalski814,24-10-1951
Rafal815,Kowalski815,18-12-1941
Rafal816,Kowalski816,26-10-1966
Rafal817,Kowalski817,05-12-1930
Rafal818,Kowalski818,09-11-1932
Rafal819,Kowalski819,23-12-1979
Rafal820,Kowalski820,16-11-1916
Rafal821,Kowalski821,17-02-1940
Rafal822,Kowalski822,03-07-1998
Rafal823,Kowalski823,07-06-1935
Rafal824,Kowalski824,16-04-1950
Rafal825,Kowalski825,03-11-1951
Rafal826,Kowalski826,28-06-1912
Rafal827,Kowalski827,20-02-1963
Rafal828,Kowalski828,24-12-1947
Rafal829,Kowalski829,21-09-1996
Rafal830,Kowalski830,19-07-1937
Rafal831,Kowalski831,13-03-1948
Rafal832,Kowalski832,07-11-1956
Rafal833,Kowalski833,11-10-1915
Rafal834,Kowalski834,06-12-1926
Rafal835,Kowalski835,25-01-1997
Rafal836,Kowalski836,25-09-1937
Rafal837,Kowalski837,25-07-1921
Rafal838,Kowalski838,18-11-1911
Rafal839,Kowalski839,12-04-2002
Rafal840,Kowalski840,06-07-1999
Rafal841,Kowalski841,27-04-1954
Rafal842,Kowalski842,18-06-2001
Rafal843,Kowalski843,25-06-1995
Rafal844,Kowalski844,08-02-1937
Rafal845,Kowalski845,22-08-1965
Rafal846,Kowalski846,17-02-1954
Rafal847,Kowalski847,13-07-1931
Rafal848,Kowalski848,19-11-1940
Rafal849,Kowalski849,03-04-1975
Rafal850,Kowalski850,01-09-1983
Rafal851,Kowalski851,22-12-1972
Rafal852,Kowalski852,23-02-2006
Rafal853,Kowalski853,27-07-1973
Rafal854,Kowalski854,22-05-1978
Rafal855,Kowalski855,19-04-1918
Rafal856,Kowalski856,08-03-1988
Rafal857,Kowalski857,20-07-2008
Rafal858,Kowalski858,19-10-1969
Rafal859,Kowalski859,09-06-1985
Rafal860,Kowalski860,25-08-2007
Rafal861,Kowalski861,05-10-1936
Rafal862,Kowalski862,04-06-1944
Rafal863,Kowalski863,26-05-1991
Rafal864,Kowalski864,26-11-2006
Rafal865,Kowalski865,12-01-1989
Rafal866,Kowalski866,23-07-1979
Rafal867,Kowalski867,17-05-2000
Rafal868,Kowalski868,15-09-1937
Rafal869,Kowalski869,27-09-1946
Rafal870,Kowalski870,08-12-1984
Rafal871,Kowalski871,21-01-1975
Rafal872,Kowalski872,16-12-1963
Rafal873,Kowalski873,06-02-1962
Rafal874,Kowalski874,27-10-2008
Rafal875,Kowalski875,22-06-1953
Rafal876,Kowalski876,25-04-1928
Rafal877,Kowalski877,21-01-1990
Rafal878,Kowalski878,17-05-2008
Rafal879,Kowalski879,20-11-1925
Rafal880,Kowalski880,25-01-1925
Rafal881,Kowalski881,20-05-1931
Rafal882,Kowalski882,14-01-1976
Rafal883,Kowalski883,06-03-1954
Rafal884,Kowalski884,03-07-1938
Rafal885,Kowalski885,25-01-1992
Rafal886,Kowalski886,06-05-1939
Rafal887,Kowalski887,23-03-1938
Rafal888,Kowalski888,23-05-1961
Rafal889,Kowalski889,13-08-1981
Rafal890,Kowalski890,09-09-1939
Rafal891,Kowalski891,21-05-1954
Rafal892,Kowalski892,01-05-1919
Rafal893,Kowalski893,11-06-1990
Rafal894,Kowalski894,24-12-1943
Rafal895,Kowalski895,13-07-1944
Rafal896,Kowalski896,02-02-1916
Rafal897,Kowalski897,07-08-1964
Rafal898,Kowalski898,22-02-1938
Rafal899,Kowalski899,20-05-1983
Rafal900,Kowalski900,04-09-1923
Rafal901,Kowalski901,12-08-1975
Rafal902,Kowalski902,13-03-1948
Rafal903,Kowalski903,02-05-1928
Rafal904,Kowalski904,10-03-1987
Rafal905,Kowalski905,27-08-1914
Rafal906,Kowalski906,02-05-1996
Rafal907,Kowalski907,06-12-1911
Rafal908,Kowalski908,21-01-1995
Rafal909,Kowalski909,16-10-1955
Rafal910,Kowalski910,08-04-1981
Rafal911,Kowalski911,10-10-1936
Rafal912,Kowalski912,09-07-1978
Rafal913,Kowalski913,19-01-1929
Rafal914,Kowalski914,04-12-1999
Rafal915,Kowalski915,02-06-1918
Rafal916,Kowalski916,14-01-1943
Rafal917,Kowalski917,16-06-1924
Rafal918,Kowalski918,18-04-1952
Rafal919,Kowalski919,08-11-1938
Rafal920,Kowalski920,06-09-1946
Rafal921,Kowalski921,19-01-1944
Rafal922,Kowalski922,22-11-1910
Rafal923,Kowalski923,21-10-1940
Rafal924,Kowalski924,10-10-2010
Rafal925,Kowalski925,04-04-1928
Rafal926,Kowalski926,26-01-1977
Rafal927,Kowalski927,13-05-1984
Rafal928,Kowalski928,05-11-1951
Rafal929,Kowalski929,08-05-1983
Rafal930,Kowalski930,09-07-1910
Rafal931,Kowalski931,17-09-1951
Rafal932,Kowalski932,19-08-1970
Rafal933,Kowalski933,25-04-1969
Rafal934,Kowalski934,27-09-2005
Rafal935,Kowalski935,27-09-1962
Rafal936,Kowalski936,09-09-1970
Rafal937,Kowalski937,18-04-1948
Rafal938,Kowalski938,18-06-1964
Rafal939,Kowalski939,12-07-2005
Rafal940,Kowalski940,15-02-1928
Rafal941,Kowalski941,16-07-2002
Rafal942,Kowalski942,10-01-2004
Rafal943,Kowalski943,21-06-1940
Rafal944,Kowalski944,23-04-1947
Rafal945,Kowalski945,24-07-1919
Rafal946,Kowalski946,19-01-1941
Rafal947,Kowalski947,16-04-1912
Rafal948,Kowalski948,15-05-1999
Rafal949,Kowalski949,03-03-1994
Rafal950,Kowalski950,08-12-1922
Rafal951,Kowalski951,19-08-1965
Rafal952,Kowalski952,08-09-1986
Rafal953,Kowalski953,26-06-1928
Rafal954,Kowalski954,11-02-1965
Rafal955,Kowalski955,17-12-1968
Rafal956,Kowalski956,24-09-1985
Rafal957,Kowalski957,08-09-1958
Rafal958,Kowalski958,14-05-2005
Rafal959,Kowalski959,07-03-1932
Rafal960,Kowalski960,15-03-2002
Rafal961,Kowalski961,12-10-1953
Rafal962,Kowalski962,01-08-1955
Rafal963,Kowalski963,10-04-1923
Rafal964,Kowalski964,07-08-2000
Rafal965,Kowalski965,22-10-1990
Rafal966,Kowalski966,04-06-1969
Rafal967,Kowalski967,21-02-1963
Rafal968,Kowalski968,03-07-1992
Rafal969,Kowalski969,04-10-1964
Rafal970,Kowalski970,12-01-1980
Rafal971,Kowalski971,03-06-1979
Rafal972,Kowalski972,18-11-1978
Rafal973,Kowalski973,27-12-1957
Rafal974,Kowalski974,01-02-1940
Rafal975,Kowalski975,13-05-1948
Rafal976,Kowalski976,14-04-2001
Rafal977,Kowalski977,21-06-1977
Rafal978,Kowalski978,19-01-1945
Rafal979,Kowalski979,02-02-1956
Rafal980,Kowalski980,28-10-1989
Rafal981,Kowalski981,05-02-1928
Rafal982,Kowalski982,02-10-1915
Rafal983,Kowalski983,08-01-1944
Rafal984,Kowalski984,11-10-1972
Rafal985,Kowalski985,15-04-1931
Rafal986,Kowalski986,23-11-1988
Rafal987,Kowalski987,06-09-1945
Rafal988,Kowalski988,21-09-1943
Rafal989,Kowalski989,16-03-1937
Rafal990,Kowalski990,04-04-1997
Rafal991,Kowalski991,17-01-1936
Rafal992,Kowalski992,12-12-1927
Rafal993,Kowalski993,12-06-1977
Rafal994,Kowalski994,14-03-1944
Rafal995,Kowalski995,16-02-1959
Rafal996,Kowalski996,21-02-1951
Rafal997,Kowalski997,06-03-1918
Rafal998,Kowalski998,22-08-1924
Rafal999,Kowalski999,13-01-1995